﻿<?xml version="1.0" encoding="utf-8"?>
<Customers>
  <Customer>
    <Name>test</Name>
    <Email>
    </Email>
    <NumberOfPeople>1</NumberOfPeople>
    <RealName>test</RealName>
    <Mobile>1234567890</Mobile>
    <Paid>False</Paid>
    <Desc>
    </Desc>
    <Guid>8f8acb25-4524-4019-bd85-fef6beb3a630</Guid>
  </Customer>
	<Customer> 
		<Name>test abc rrr</Name>
		<Email>
		</Email>
		<NumberOfPeople>2</NumberOfPeople>
		<RealName>test</RealName>
		<Mobile>0430510300</Mobile>
		<Paid>True</Paid>
		<Desc>
		</Desc>
		<Guid>8f8acb25-4524-4019-bd85-fef6beb3a630</Guid>
	</Customer>
	<Customer>
		<Name>气死雅思</Name>
		<Email>
		</Email>
		<NumberOfPeople>2</NumberOfPeople>
		<RealName>test</RealName>
		<Mobile>0430510308</Mobile>
		<Paid>False</Paid>
		<Desc>
		</Desc>
		<Guid>8f8acb25-4524-4019-bd85-fef6beb3a630</Guid>
	</Customer>
</Customers>